{"0": [4.0, 45.0], "1": [1.0, 3.0], "2": [4.0, 17.0], "3": [1.0, 26.0], "4": [3.0, 14.0], "5": [1.0, 10.0], "6": [1.0, 5.0], "7": [7.0, 39.0], "8": [1.0, 19.0], "9": [5.0, 16.0], "10": [4.0, 29.0], "11": [1.0, 8.0], "12": [9.0, 33.0], "13": [0.0, 0.0], "14": [0.0, 4.0], "15": [8.0, 23.0], "16": [0.0, 0.0], "17": [1.0, 14.0], "18": [1.0, 13.0], "19": [2.0, 9.0], "20": [0.0, 0.0], "21": [7.0, 46.0], "22": [3.0, 11.0], "23": [17.0, 73.0], "24": [8.0, 34.0], "25": [0.0, 0.0], "26": [0.0, 3.0], "27": [4.0, 44.0], "28": [0.0, 3.0], "29": [52.0, 160.0], "30": [0.0, 76.0], "31": [73.0, 660.0000000000005], "32": [2.0, 9.0], "33": [0.0, 0.0], "34": [0.0, 3.0], "35": [115.0, 353.0], "36": [0.0, 0.0], "37": [82.0, 244.0], "38": [0.0, 0.0], "39": [10.0, 20.0], "40": [0.0, 3.0], "41": [0.0, 0.0], "42": [0.0, 0.0], "43": [4.0, 11.0], "44": [86.0, 225.0], "45": [0.0, 0.0], "46": [11.0, 65.0], "47": [581.0000000000002, 1256.000000000001], "48": [31.0, 234.0], "49": [0.0, 0.0], "50": [0.0, 0.0], "51": [47.0, 124.0], "52": [0.0, 0.0], "53": [11.666666666666742, 45.333333333333485], "54": [1.0, 4.0], "55": [7.0, 22.0], "56": [34.0, 88.66666666666674], "57": [0.0, 2.0], "58": [0.0, 0.0], "59": [0.0, 0.0], "60": [54.0, 215.66666666666674], "61": [4.0, 18.0], "62": [28.0, 75.0], "63": [137.00000000000003, 287.00000000000017], "64": [2.0, 10.0], "65": [7.0, 17.000000000000014], "66": [56.33333333333334, 170.66666666666669], "67": [0.0, 1.3333333333333428], "68": [0.0, 0.0], "69": [0.0, 0.0], "70": [2.0, 7.0], "71": [0.0, 11.666666666666686], "72": [6.333333333333343, 22.0], "73": [8.0, 18.0], "74": [2.0, 9.333333333333343], "75": [12.000000000000014, 28.0], "76": [0.0, 0.0]}